{
  "N": 41,
  "primary": {
    "pci_rest_mean": 1.1949976312592065,
    "pci_rest_sd": 1.25492676959272,
    "pci_task_mean": -0.18820490275613178,
    "pci_task_sd": 1.190794646341333,
    "delta_pci_mean": 1.3832025340153384,
    "delta_pci_sd": 1.2906125536568664,
    "t": 6.8624914934671395,
    "p": 2.9158633702710863e-08,
    "cohens_d": 1.0717411124633216,
    "wilcoxon_W": 53.0,
    "wilcoxon_p": 4.1077328205574304e-08,
    "direction_pct": 85.36585365853658,
    "ratio_rest": 1.6957944339815463,
    "ratio_task": 1.8212674104146196,
    "supported": true
  },
  "ancova": {
    "r_corr": 0.5626397848429928,
    "p_corr": 0.00012866850985179335,
    "t_rtm": -7.881612501582207e-16,
    "p_rtm": 0.9999999999999993,
    "d_rtm": -1.2309010741203604e-16
  }
}